FIELD,TP,TN,FP,FN,P,R,F1,A
product,85,0,0,0,1.0,1.0,1.0,1.0
price,0,0,85,85,0.0,0.0,0.0,0.0
client_name,13,0,1,1,0.9285714285714286,0.9285714285714286,0.9285714285714286,0.8666666666666667
