Iteration Number,Max Score,Average Score,STD,topNAvg,top1,top2,top3,top4,top5,top6,top7,top8,top9,top10
0,1.0,0.5033614284138027,1.2880031427319478,0.5033614284138027,1.0,0.9945945945945946,0.9675675675675676,0.8435754189944135,0.22115384615384615,0.0,0.0,0.0,0.0,0.0
